"","PointID","Round","n","count","percent_grazed"
"1","BIBU075_15","2",82,18,21.9512195121951
"2","BIBU075_16","2",84,18,21.4285714285714
"3","BIBU075_17","2",68,11,16.1764705882353
"4","BIBU075_18","2",76,4,5.26315789473684
"5","BIBU076_15","2",77,5,6.49350649350649
"6","BIBU076_16","2",77,1,1.2987012987013
"7","BIBU076_17","2",82,5,6.09756097560976
"8","BIBU076_18","2",87,0,0
"9","BIBU077_15","2",82,3,3.65853658536585
"10","BIBU077_16","2",83,2,2.40963855421687
"11","BIBU077_17","2",69,17,24.6376811594203
"12","BIBU077_18","2",86,16,18.6046511627907
"13","BIBU078_15","2",68,2,2.94117647058824
"14","BIBU078_16","2",74,1,1.35135135135135
"15","BIBU078_17","2",78,5,6.41025641025641
"16","BIBU078_18","2",69,0,0
"17","BIBU079_15","2",55,12,21.8181818181818
"18","BIBU079_16","2",62,23,37.0967741935484
"19","BIBU079_18","2",59,23,38.9830508474576
"20","BIBU080_15","2",57,0,0
"21","BIBU080_16","2",70,6,8.57142857142857
"22","BIBU080_18","2",72,33,45.8333333333333
"23","BIBU081_15","2",55,7,12.7272727272727
"24","BIBU081_16","2",56,0,0
"25","BIBU082_15","2",65,0,0
"26","BIBU082_16","2",84,15,17.8571428571429
"27","BIBU082_18","2",66,33,50
"28","BIBU083_15","2",41,18,43.9024390243902
"29","BIBU083_16","2",30,15,50
"30","BIBU083_18","2",59,2,3.38983050847458
"31","BIBU084_15","2",56,7,12.5
"32","BIBU084_16","2",76,14,18.4210526315789
"33","BIBU084_17","2",72,9,12.5
"34","BIBU084_18","2",73,2,2.73972602739726
"35","BIBU085_15","2",85,4,4.70588235294118
"36","BIBU085_16","2",84,15,17.8571428571429
"37","BIBU085_17","2",74,1,1.35135135135135
"38","BIBU086_15","2",45,1,2.22222222222222
"39","BIBU086_16","2",43,0,0
"40","BIBU086_17","2",51,14,27.4509803921569
"41","BIBU086_18","2",63,12,19.047619047619
"42","BIBU087_15","2",59,18,30.5084745762712
"43","BIBU087_16","2",51,8,15.6862745098039
"44","BIBU087_18","2",59,26,44.0677966101695
"45","BIBU088_15","2",61,1,1.63934426229508
"46","BIBU088_16","2",71,5,7.04225352112676
"47","BIBU088_17","2",68,7,10.2941176470588
"48","BIBU088_18","2",73,3,4.10958904109589
"49","BIBU089_15","2",81,2,2.46913580246914
"50","BIBU089_16","2",77,0,0
"51","BIBU089_17","2",78,2,2.56410256410256
"52","BIBU089_18","2",79,8,10.126582278481
"53","BIBU090_15","2",81,6,7.40740740740741
"54","BIBU090_16","2",86,7,8.13953488372093
"55","BIBU090_17","2",81,11,13.5802469135802
"56","BIBU090_18","2",84,0,0
"57","BIBU091_15","2",81,2,2.46913580246914
"58","BIBU091_16","2",83,0,0
"59","BIBU092_15","2",78,3,3.84615384615385
"60","BIBU092_16","2",81,2,2.46913580246914
"61","BIBU092_17","2",81,0,0
"62","BIBU092_18","2",81,23,28.3950617283951
"63","BIBU093_15","2",27,1,3.7037037037037
"64","BIBU093_16","2",52,8,15.3846153846154
"65","BIBU093_17","2",50,4,8
"66","BIBU093_18","2",46,2,4.34782608695652
"67","BIBU094_15","2",39,0,0
"68","BIBU094_16","2",65,5,7.69230769230769
"69","BIBU094_17","2",72,6,8.33333333333333
"70","BIBU094_18","2",70,0,0
"71","BIBU095_17","2",67,2,2.98507462686567
"72","BIBU095_18","2",65,22,33.8461538461538
"73","BIBU096_16","2",69,8,11.5942028985507
"74","BIBU097_17","2",75,11,14.6666666666667
"75","BIBU097_18","2",63,2,3.17460317460317
"76","BIBU098_17","2",79,4,5.06329113924051
"77","BIBU098_18","2",84,4,4.76190476190476
"78","BIBU099_18","2",67,13,19.4029850746269
"79","BIBU100_16","2",83,59,71.0843373493976
"80","BIBU101_17","2",45,0,0
"81","BIBU101_18","2",70,17,24.2857142857143
"82","BIBU102_16","2",85,25,29.4117647058824
"83","BIBU102_17","2",77,1,1.2987012987013
"84","BIBU102_18","2",76,25,32.8947368421053
"85","BIBU103_16","2",72,12,16.6666666666667
"86","BIBU104_16","2",77,43,55.8441558441558
"87","BIBU105_17","2",61,2,3.27868852459016
"88","BIBU105_18","2",73,25,34.2465753424658
"89","BIBU106_16","2",83,7,8.43373493975904
"90","BIBU106_17","2",71,0,0
"91","BIBU106_18","2",74,21,28.3783783783784
"92","BIBU108_16","2",73,7,9.58904109589041
"93","BIBU110_16","2",50,8,16
"94","BIBU110_17","2",36,0,0
"95","BIBU110_18","2",60,16,26.6666666666667
"96","BIBU111_16","2",70,13,18.5714285714286
"97","BIBU111_17","2",65,0,0
"98","BIBU111_18","2",73,17,23.2876712328767
"99","BIBU112_16","2",79,25,31.6455696202532
"100","BIBU112_17","2",78,0,0
"101","BIBU112_18","2",85,26,30.5882352941176
"102","BIBU114_16","2",67,18,26.865671641791
"103","BIBU115_17","2",74,0,0
"104","BIBU116_16","2",78,3,3.84615384615385
"105","BIBU118_16","2",78,44,56.4102564102564
"106","BIBU120_16","2",58,1,1.72413793103448
"107","BIBU122_16","2",68,6,8.82352941176471
"108","BIBU124_17","2",60,0,0
"109","BIBU124_18","2",73,13,17.8082191780822
"110","BIBU125_16","2",76,5,6.57894736842105
"111","BIBU126_16","2",68,0,0
"112","BIBU130_16","2",78,2,2.56410256410256
"113","BIBU131_16","2",74,1,1.35135135135135
"114","BIBU134_16","2",69,16,23.1884057971014
"115","BIBU134_17","2",55,0,0
"116","BIBU134_18","2",64,28,43.75
"117","BIBU136_16","2",80,36,45
"118","BIBU136_17","2",63,0,0
"119","BIBU138_16","2",49,26,53.0612244897959
"120","BIBU138_17","2",68,0,0
"121","BIBU138_18","2",60,25,41.6666666666667
"122","BIBU140_18","2",76,1,1.31578947368421
"123","BIBU141_18","2",83,19,22.8915662650602
"124","BIBU148_17","2",77,0,0
"125","BIBU148_18","2",79,6,7.59493670886076
"126","BIBU153_16","2",65,3,4.61538461538461
"127","BIBU155_16","2",74,8,10.8108108108108
"128","BIBU157_16","2",75,15,20
"129","BIBU157_17","2",76,0,0
"130","BIBU157_18","2",80,36,45
"131","BIBU159_16","2",78,8,10.2564102564103
"132","BIBU159_17","2",83,1,1.20481927710843
"133","BIBU161_16","2",82,7,8.53658536585366
"134","BIBU161_17","2",71,0,0
"135","BIBU161_18","2",76,2,2.63157894736842
"136","BIBU163_16","2",72,7,9.72222222222222
"137","BIBU163_17","2",58,0,0
"138","BIBU163_18","2",73,15,20.5479452054795
"139","BIBU165_16","2",84,2,2.38095238095238
"140","BIBU167_16","2",86,3,3.48837209302326
"141","BIBU169_16","2",60,8,13.3333333333333
"142","BIBU169_17","2",64,0,0
"143","BIBU169_18","2",67,16,23.8805970149254
"144","BIBU171_16","2",56,10,17.8571428571429
"145","BIBU171_17","2",42,0,0
"146","BIBU171_18","2",58,20,34.4827586206897
"147","BIBU173_16","2",58,3,5.17241379310345
"148","BIBU173_17","2",51,0,0
"149","BIBU175_16","2",84,14,16.6666666666667
"150","BIBU175_17","2",79,1,1.26582278481013
"151","BIBU175_18","2",83,47,56.6265060240964
"152","BIBU176_16","2",86,1,1.16279069767442
"153","BIBU177_16","2",76,14,18.4210526315789
"154","BIBU177_17","2",75,0,0
"155","BIBU179_16","2",79,9,11.3924050632911
"156","BIBU181_16","2",74,13,17.5675675675676
"157","BIBU181_17","2",59,0,0
"158","BIBU182_16","2",79,4,5.06329113924051
"159","BIBU183_16","2",73,20,27.3972602739726
"160","BIBU183_17","2",64,0,0
"161","BIBU185_16","2",67,0,0
"162","BIBU185_17","2",63,0,0
"163","BIBU187_16","2",69,18,26.0869565217391
"164","BIBU187_17","2",61,0,0
"165","BIBU187_18","2",72,18,25
"166","BIBU189_16","2",50,9,18
"167","BIBU191_16","2",51,2,3.92156862745098
"168","BIBU193_16","2",74,13,17.5675675675676
"169","BIBU193_17","2",65,1,1.53846153846154
"170","BIBU194_16","2",67,2,2.98507462686567
"171","BIBU195_17","2",73,0,0
"172","BIBU195_18","2",79,17,21.5189873417722
"173","BIBU196_17","2",75,1,1.33333333333333
"174","BIBU197_17","2",71,0,0
"175","BIBU197_18","2",77,23,29.8701298701299
"176","BIBU198_17","2",64,7,10.9375
"177","BIBU199_17","2",66,1,1.51515151515152
"178","BIBU199_18","2",72,29,40.2777777777778
"179","BIBU200_17","2",55,0,0
"180","BIBU200_18","2",40,9,22.5
"181","BIBU201_17","2",71,1,1.40845070422535
"182","BIBU201_18","2",81,11,13.5802469135802
"183","BIBU202_17","2",76,0,0
"184","BIBU202_18","2",87,10,11.4942528735632
"185","BIBU209_17","2",66,0,0
"186","BIBU210_17","2",77,1,1.2987012987013
"187","BIBU210_18","2",86,58,67.4418604651163
"188","BIBU211_17","2",66,3,4.54545454545455
"189","BIBU211_18","2",78,28,35.8974358974359
"190","BIBU212_17","2",84,0,0
"191","BIBU212_18","2",83,19,22.8915662650602
"192","BIBU213_17","2",70,2,2.85714285714286
"193","BIBU213_18","2",73,31,42.4657534246575
"194","BIBU214_17","2",65,0,0
"195","BIBU214_18","2",72,36,50
"196","BIBU215_17","2",71,0,0
"197","BIBU215_18","2",71,27,38.0281690140845
"198","BIBU216_17","2",70,0,0
"199","BIBU216_18","2",78,20,25.6410256410256
"200","BIBU217_17","2",72,1,1.38888888888889
"201","BIBU217_18","2",75,27,36
"202","BIBU218_17","2",77,0,0
"203","BIBU218_18","2",79,42,53.1645569620253
"204","BIBU219_17","2",50,0,0
"205","BIBU219_18","2",69,20,28.9855072463768
"206","BIBU220_17","2",64,1,1.5625
"207","BIBU220_18","2",74,28,37.8378378378378
"208","BIBU221_17","2",75,1,1.33333333333333
"209","BIBU221_18","2",80,24,30
"210","BIBU222_17","2",59,0,0
"211","BIBU222_18","2",82,23,28.0487804878049
"212","BIBU234_18","2",67,11,16.4179104477612
"213","BIBU235_18","2",67,2,2.98507462686567
"214","BIBU236_18","2",80,7,8.75
"215","BIBU237_18","2",78,3,3.84615384615385
"216","BIBU239_18","2",67,0,0
"217","BIBU240_18","2",72,6,8.33333333333333
"218","BIBU241_18","2",60,1,1.66666666666667
"219","BIBU242_18","2",84,2,2.38095238095238
"220","BIBU243_18","2",78,3,3.84615384615385
"221","BIBU244_18","2",72,0,0
"222","BIBU245_18","2",69,12,17.3913043478261
"223","BIBU246_15","2",63,15,23.8095238095238
"224","BIBU246_18","2",74,18,24.3243243243243
"225","BIBU247_15","2",68,8,11.7647058823529
"226","BIBU247_18","2",82,1,1.21951219512195
"227","BIBU250_15","2",43,3,6.97674418604651
"228","BIBU250_18","2",82,19,23.1707317073171
"229","BIBU254_15","2",65,14,21.5384615384615
"230","BIBU254_18","2",71,2,2.8169014084507
"231","BIBU255_15","2",55,2,3.63636363636364
"232","BIBU255_18","2",78,0,0
"233","BIBU256_15","2",75,0,0
"234","BIBU256_18","2",79,1,1.26582278481013
"235","BIBU264_15","2",64,12,18.75
"236","BIBU264_18","2",75,2,2.66666666666667
"237","BIBU269_18","2",74,1,1.35135135135135
"238","BIBU270_15","2",67,31,46.2686567164179
"239","BIBU271_15","2",34,13,38.2352941176471
"240","BIBU272_15","2",33,14,42.4242424242424
"241","BIBU273_15","2",69,1,1.44927536231884
"242","BIBU274_15","2",68,5,7.35294117647059
"243","BIBU275_15","2",64,1,1.5625
"244","BIBU276_15","2",70,27,38.5714285714286
"245","BIBU277_15","2",66,4,6.06060606060606
"246","BIBU278_15","2",20,3,15
"247","BIBU279_15","2",66,2,3.03030303030303
"248","BIBU280_15","2",56,3,5.35714285714286
"249","BIBU281_15","2",77,17,22.0779220779221
"250","BIBU282_15","2",35,4,11.4285714285714
"251","BIBU287_15","2",74,4,5.40540540540541
"252","BIBU289_15","2",21,14,66.6666666666667
"253","BIBU290_15","2",78,4,5.12820512820513
"254","BIBU291_15","2",68,6,8.82352941176471
"255","BIBU292_15","2",63,3,4.76190476190476
"256","BIBU293_15","2",32,3,9.375
"257","BIBU294_15","2",82,1,1.21951219512195
"258","BIBU295_15","2",72,2,2.77777777777778
"259","BIBU296_15","2",73,9,12.3287671232877
"260","BIBU297_15","2",64,10,15.625
"261","BIBU298_15","2",65,13,20
"262","BIBU299_15","2",64,6,9.375
"263","BIBU300_15","2",70,16,22.8571428571429
"264","BIBU301_15","2",46,23,50
"265","BIBU302_15","2",71,3,4.22535211267606
"266","BIBU303_15","2",74,15,20.2702702702703
"267","BIBU304_15","2",49,4,8.16326530612245
"268","BIBU305_15","2",42,12,28.5714285714286
"269","BIBU306_15","2",79,20,25.3164556962025
"270","BIBU307_15","2",75,9,12
"271","BRBE075_15","2",45,4,8.88888888888889
"272","BRBE075_16","2",76,2,2.63157894736842
"273","BRBE075_17","2",61,7,11.4754098360656
"274","BRBE075_18","2",66,0,0
"275","BRBE076_15","2",44,7,15.9090909090909
"276","BRBE076_16","2",68,2,2.94117647058824
"277","BRBE076_17","2",71,22,30.9859154929577
"278","BRBE076_18","2",69,0,0
"279","BRBE077_15","2",52,0,0
"280","BRBE078_15","2",49,4,8.16326530612245
"281","BRBE078_16","2",55,0,0
"282","BRBE078_17","2",58,16,27.5862068965517
"283","BRBE078_18","2",57,0,0
"284","BRBE079_15","2",43,3,6.97674418604651
"285","BRBE079_16","2",58,0,0
"286","BRBE079_17","2",55,10,18.1818181818182
"287","BRBE079_18","2",57,0,0
"288","BRBE080_15","2",42,0,0
"289","BRBE080_16","2",40,1,2.5
"290","BRBE080_17","2",41,0,0
"291","BRBE080_18","2",42,0,0
"292","BRBE081_15","2",38,0,0
"293","BRBE081_16","2",65,0,0
"294","BRBE081_17","2",62,5,8.06451612903226
"295","BRBE081_18","2",55,0,0
"296","BRBE082_15","2",43,3,6.97674418604651
"297","BRBE082_16","2",58,3,5.17241379310345
"298","BRBE082_17","2",55,5,9.09090909090909
"299","BRBE082_18","2",60,1,1.66666666666667
"300","BRBE083_15","2",53,0,0
"301","BRBE083_16","2",85,3,3.52941176470588
"302","BRBE083_17","2",78,12,15.3846153846154
"303","BRBE083_18","2",86,0,0
"304","BRBE084_15","2",45,9,20
"305","BRBE084_16","2",64,4,6.25
"306","BRBE084_17","2",67,15,22.3880597014925
"307","BRBE084_18","2",67,1,1.49253731343284
"308","BRBE085_16","2",57,1,1.75438596491228
"309","BRBE085_17","2",66,10,15.1515151515152
"310","BRBE085_18","2",70,0,0
"311","BRBE086_15","2",53,0,0
"312","BRBE086_16","2",42,2,4.76190476190476
"313","BRBE086_17","2",51,10,19.6078431372549
"314","BRBE086_18","2",50,0,0
"315","BRBE087_15","2",54,0,0
"316","BRBE087_16","2",35,2,5.71428571428571
"317","BRBE087_17","2",36,0,0
"318","BRBE087_18","2",72,5,6.94444444444444
"319","BRBE088_15","2",55,0,0
"320","BRBE088_16","2",56,0,0
"321","BRBE088_17","2",55,10,18.1818181818182
"322","BRBE088_18","2",58,0,0
"323","BRBE089_15","2",56,0,0
"324","BRBE089_16","2",54,2,3.7037037037037
"325","BRBE089_17","2",55,10,18.1818181818182
"326","BRBE089_18","2",57,0,0
"327","BRBE090_15","2",48,0,0
"328","BRBE090_16","2",74,0,0
"329","BRBE090_17","2",72,20,27.7777777777778
"330","BRBE090_18","2",74,0,0
"331","BRBE091_15","2",55,0,0
"332","BRBE091_16","2",58,0,0
"333","BRBE091_17","2",56,14,25
"334","BRBE091_18","2",60,0,0
"335","BRBE092_15","2",52,3,5.76923076923077
"336","BRBE092_16","2",59,1,1.69491525423729
"337","BRBE092_18","2",60,0,0
"338","BRBE093_15","2",52,0,0
"339","BRBE093_16","2",73,0,0
"340","BRBE093_17","2",70,18,25.7142857142857
"341","BRBE093_18","2",61,1,1.63934426229508
"342","BRBE094_15","2",46,6,13.0434782608696
"343","BRBE094_16","2",72,1,1.38888888888889
"344","BRBE094_17","2",74,19,25.6756756756757
"345","BRBE094_18","2",70,9,12.8571428571429
"346","BRBE095_15","2",43,3,6.97674418604651
"347","BRBE095_16","2",46,1,2.17391304347826
"348","BRBE095_17","2",70,1,1.42857142857143
"349","BRBE095_18","2",68,0,0
"350","BRBE100_15","2",31,4,12.9032258064516
"351","BRBE100_16","2",59,2,3.38983050847458
"352","BRBE100_17","2",58,3,5.17241379310345
"353","BRBE100_18","2",64,0,0
"354","BRBE101_15","2",70,14,20
"355","BRBE101_16","2",67,2,2.98507462686567
"356","BRBE101_17","2",64,3,4.6875
"357","BRBE101_18","2",78,0,0
"358","BRBE102_15","2",82,21,25.609756097561
"359","BRBE102_16","2",84,7,8.33333333333333
"360","BRBE102_17","2",66,1,1.51515151515152
"361","BRBE102_18","2",85,0,0
"362","BRBE103_15","2",57,8,14.0350877192982
"363","BRBE103_16","2",49,4,8.16326530612245
"364","BRBE103_17","2",58,14,24.1379310344828
"365","BRBE103_18","2",61,0,0
"366","BRBE104_15","2",59,18,30.5084745762712
"367","BRBE104_16","2",56,2,3.57142857142857
"368","BRBE104_17","2",58,8,13.7931034482759
"369","BRBE104_18","2",64,0,0
"370","BRBE105_15","2",58,12,20.6896551724138
"371","BRBE105_16","2",48,4,8.33333333333333
"372","BRBE105_17","2",58,9,15.5172413793103
"373","BRBE105_18","2",60,2,3.33333333333333
"374","BRBE106_15","2",51,10,19.6078431372549
"375","BRBE106_16","2",54,0,0
"376","BRBE106_17","2",73,0,0
"377","BRBE106_18","2",79,0,0
"378","BRBE107_15","2",52,11,21.1538461538462
"379","BRBE107_16","2",68,9,13.2352941176471
"380","BRBE107_17","2",65,3,4.61538461538461
"381","BRBE107_18","2",69,0,0
"382","BRBE108_15","2",79,22,27.8481012658228
"383","BRBE108_16","2",81,5,6.17283950617284
"384","BRBE108_17","2",73,1,1.36986301369863
"385","BRBE108_18","2",79,1,1.26582278481013
"386","BRBE109_15","2",51,2,3.92156862745098
"387","BRBE109_16","2",50,11,22
"388","BRBE109_17","2",54,3,5.55555555555556
"389","BRBE109_18","2",49,1,2.04081632653061
"390","BRBE110_15","2",79,5,6.32911392405063
"391","BRBE110_16","2",81,7,8.64197530864197
"392","BRBE110_17","2",85,11,12.9411764705882
"393","BRBE110_18","2",84,1,1.19047619047619
"394","BRBE111_15","2",68,38,55.8823529411765
"395","BRBE111_16","2",58,2,3.44827586206897
"396","BRBE111_17","2",60,0,0
"397","BRBE111_18","2",69,0,0
"398","BRBE112_15","2",52,14,26.9230769230769
"399","BRBE112_16","2",64,12,18.75
"400","BRBE112_17","2",71,6,8.45070422535211
"401","BRBE112_18","2",74,0,0
"402","BRBE113_15","2",52,15,28.8461538461538
"403","BRBE113_16","2",66,1,1.51515151515152
"404","BRBE113_18","2",79,2,2.53164556962025
"405","BRBE114_15","2",74,26,35.1351351351351
"406","BRBE114_16","2",77,4,5.19480519480519
"407","BRBE114_17","2",71,4,5.63380281690141
"408","BRBE114_18","2",83,0,0
"409","BRBE115_15","2",38,6,15.7894736842105
"410","BRBE115_16","2",38,9,23.6842105263158
"411","BRBE115_17","2",42,9,21.4285714285714
"412","BRBE115_18","2",42,0,0
"413","BRBE116_15","2",81,12,14.8148148148148
"414","BRBE116_16","2",77,2,2.5974025974026
"415","BRBE116_17","2",81,13,16.0493827160494
"416","BRBE116_18","2",84,1,1.19047619047619
"417","BRBE117_15","2",71,7,9.85915492957746
"418","BRBE117_16","2",72,9,12.5
"419","BRBE117_17","2",66,6,9.09090909090909
"420","BRBE117_18","2",71,0,0
"421","BRBE118_15","2",55,16,29.0909090909091
"422","BRBE118_16","2",71,2,2.8169014084507
"423","BRBE118_17","2",70,3,4.28571428571429
"424","BRBE118_18","2",75,1,1.33333333333333
"425","BRBE119_15","2",58,18,31.0344827586207
"426","BRBE119_16","2",69,3,4.34782608695652
"427","BRBE119_17","2",74,5,6.75675675675676
"428","BRBE119_18","2",63,0,0
"429","BRBE125_17","2",45,5,11.1111111111111
"430","BRBE126_15","2",25,1,4
"431","BRBE127_15","2",24,0,0
"432","BRBE128_15","2",40,8,20
"433","BRBE128_16","2",51,8,15.6862745098039
"434","BRBE129_15","2",32,9,28.125
"435","BRBE130_15","2",41,0,0
"436","BRBE131_17","2",35,20,57.1428571428571
"437","BRBE133_15","2",44,2,4.54545454545455
"438","BRBE134_15","2",46,0,0
"439","BRBE135_15","2",25,0,0
"440","BRBE137_15","2",26,0,0
"441","BRBE137_16","2",27,1,3.7037037037037
"442","BRBE137_17","2",24,0,0
"443","BRBE138_15","2",37,3,8.10810810810811
"444","BRBE138_17","2",51,1,1.96078431372549
"445","BRBE139_15","2",31,0,0
"446","BRBE139_16","2",46,10,21.7391304347826
"447","BRBE139_17","2",51,2,3.92156862745098
"448","BRBE140_15","2",55,3,5.45454545454545
"449","BRBE141_15","2",51,0,0
"450","BRBE141_16","2",51,13,25.4901960784314
"451","BRBE141_17","2",46,13,28.2608695652174
"452","BRBE141_18","2",54,0,0
"453","BRBE142_15","2",54,0,0
"454","BRBE142_17","2",54,24,44.4444444444444
"455","BRBE143_15","2",57,0,0
"456","BRBE143_16","2",53,25,47.1698113207547
"457","BRBE143_17","2",52,15,28.8461538461538
"458","BRBE144_15","2",50,1,2
"459","BRBE144_17","2",58,4,6.89655172413793
"460","BRBE145_15","2",50,0,0
"461","BRBE145_16","2",53,7,13.2075471698113
"462","BRBE145_17","2",73,1,1.36986301369863
"463","BRBE147_15","2",55,0,0
"464","BRBE148_15","2",38,2,5.26315789473684
"465","BRBE148_16","2",34,20,58.8235294117647
"466","BRBE149_15","2",43,5,11.6279069767442
"467","BRBE150_15","2",47,1,2.12765957446809
"468","BRBE150_16","2",52,28,53.8461538461538
"469","BRBE151_15","2",53,2,3.77358490566038
"470","BRBE152_15","2",56,0,0
"471","BRBE152_16","2",53,1,1.88679245283019
"472","BRBE153_15","2",45,4,8.88888888888889
"473","BRBE153_17","2",31,5,16.1290322580645
"474","BRBE154_15","2",48,0,0
"475","BRBE154_16","2",48,11,22.9166666666667
"476","BRBE154_17","2",49,11,22.4489795918367
"477","BRBE155_15","2",67,0,0
"478","BRBE155_17","2",57,0,0
"479","BRBE156_15","2",54,0,0
"480","BRBE156_17","2",47,9,19.1489361702128
"481","BRBE157_15","2",38,1,2.63157894736842
"482","BRBE157_16","2",40,24,60
"483","BRBE157_17","2",34,17,50
"484","BRBE159_15","2",45,0,0
"485","BRBE159_16","2",42,7,16.6666666666667
"486","BRBE159_17","2",38,12,31.5789473684211
"487","BRBE159_18","2",41,0,0
"488","BRBE160_15","2",36,3,8.33333333333333
"489","BRBE160_16","2",53,3,5.66037735849057
"490","BRBE160_17","2",37,8,21.6216216216216
"491","BRBE161_15","2",52,1,1.92307692307692
"492","BRBE161_16","2",57,26,45.6140350877193
"493","BRBE162_15","2",40,2,5
"494","BRBE163_15","2",31,0,0
"495","BRBE163_16","2",42,16,38.0952380952381
"496","BRBE164_15","2",41,9,21.9512195121951
"497","BRBE164_16","2",38,9,23.6842105263158
"498","BRBE164_18","2",45,0,0
"499","BRBE165_15","2",50,1,2
"500","BRBE165_16","2",40,4,10
"501","BRBE165_18","2",49,0,0
"502","BRBE167_15","2",50,1,2
"503","BRBE168_15","2",52,0,0
"504","BRBE168_16","2",50,22,44
"505","BRBE169_15","2",59,0,0
"506","BRBE173_15","2",52,1,1.92307692307692
"507","BRBE173_16","2",42,1,2.38095238095238
"508","BRBE173_17","2",43,4,9.30232558139535
"509","BRBE174_15","2",47,2,4.25531914893617
"510","BRBE174_16","2",52,18,34.6153846153846
"511","BRBE174_17","2",49,17,34.6938775510204
"512","BRBE174_18","2",53,0,0
"513","BRBE175_15","2",45,0,0
"514","BRBE175_16","2",45,23,51.1111111111111
"515","BRBE175_17","2",54,12,22.2222222222222
"516","BRBE175_18","2",59,34,57.6271186440678
"517","BRBE176_15","2",47,0,0
"518","BRBE176_16","2",52,2,3.84615384615385
"519","BRBE176_17","2",58,0,0
"520","BRBE176_18","2",58,29,50
"521","BRBE177_15","2",45,4,8.88888888888889
"522","BRBE178_15","2",56,0,0
"523","BRBE178_16","2",52,20,38.4615384615385
"524","BRBE178_17","2",50,7,14
"525","BRBE178_18","2",59,16,27.1186440677966
"526","BRBE179_15","2",41,2,4.8780487804878
"527","BRBE179_16","2",29,21,72.4137931034483
"528","BRBE179_17","2",43,5,11.6279069767442
"529","BRBE179_18","2",39,23,58.974358974359
"530","BRBE180_15","2",58,0,0
"531","BRBE180_16","2",56,24,42.8571428571429
"532","BRBE180_17","2",58,3,5.17241379310345
"533","BRBE180_18","2",58,25,43.1034482758621
"534","BRBE181_15","2",45,1,2.22222222222222
"535","BRBE181_16","2",51,26,50.9803921568627
"536","BRBE181_17","2",58,3,5.17241379310345
"537","BRBE181_18","2",58,45,77.5862068965517
"538","BRBE182_15","2",40,1,2.5
"539","BRBE182_16","2",63,7,11.1111111111111
"540","BRBE182_17","2",63,0,0
"541","BRBE182_18","2",64,33,51.5625
"542","BRBE183_15","2",50,0,0
"543","BRBE183_16","2",56,47,83.9285714285714
"544","BRBE183_17","2",56,1,1.78571428571429
"545","BRBE183_18","2",58,29,50
"546","BRBE184_15","2",54,3,5.55555555555556
"547","BRBE184_16","2",52,2,3.84615384615385
"548","BRBE184_17","2",57,1,1.75438596491228
"549","BRBE184_18","2",62,25,40.3225806451613
"550","BRBE185_15","2",53,1,1.88679245283019
"551","BRBE185_16","2",46,12,26.0869565217391
"552","BRBE185_17","2",61,18,29.5081967213115
"553","BRBE185_18","2",62,33,53.2258064516129
"554","BRBE186_15","2",58,1,1.72413793103448
"555","BRBE186_16","2",58,29,50
"556","BRBE186_17","2",58,7,12.0689655172414
"557","BRBE186_18","2",58,33,56.8965517241379
"558","BRBE187_15","2",29,0,0
"559","BRBE187_16","2",48,45,93.75
"560","BRBE187_17","2",51,4,7.84313725490196
"561","BRBE187_18","2",54,42,77.7777777777778
"562","BRBE188_15","2",64,5,7.8125
"563","BRBE188_16","2",63,45,71.4285714285714
"564","BRBE188_17","2",61,7,11.4754098360656
"565","BRBE188_18","2",46,33,71.7391304347826
"566","BRBE189_15","2",33,3,9.09090909090909
"567","BRBE190_15","2",29,0,0
"568","BRBE190_16","2",37,30,81.0810810810811
"569","BRBE190_17","2",63,25,39.6825396825397
"570","BRBE190_18","2",63,44,69.8412698412698
"571","BRBE192_15","2",54,0,0
"572","BRBE192_16","2",41,20,48.780487804878
"573","BRBE192_17","2",53,7,13.2075471698113
"574","BRBE192_18","2",54,31,57.4074074074074
"575","BRBE193_15","2",50,0,0
"576","BRBE193_16","2",56,36,64.2857142857143
"577","BRBE193_17","2",58,0,0
"578","BRBE193_18","2",55,9,16.3636363636364
"579","BRBE194_15","2",58,0,0
"580","BRBE194_16","2",58,8,13.7931034482759
"581","BRBE194_17","2",56,4,7.14285714285714
"582","BRBE194_18","2",58,30,51.7241379310345
"583","BRBE198_15","2",61,0,0
"584","BRBE198_16","2",68,54,79.4117647058823
"585","BRBE198_17","2",73,28,38.3561643835616
"586","BRBE198_18","2",74,51,68.9189189189189
"587","BRBE215_16","2",35,10,28.5714285714286
"588","BRBE215_17","2",49,3,6.12244897959184
"589","BRBE215_18","2",36,10,27.7777777777778
"590","BRBE216_16","2",59,30,50.8474576271186
"591","BRBE216_17","2",57,8,14.0350877192982
"592","BRBE216_18","2",58,23,39.6551724137931
"593","BRBE232_16","2",82,2,2.4390243902439
"594","BRBE232_17","2",80,1,1.25
"595","BRBE232_18","2",87,0,0
"596","BRBE234_16","2",68,12,17.6470588235294
"597","BRBE234_17","2",58,20,34.4827586206897
"598","BRBE234_18","2",64,1,1.5625
"599","BRBE236_16","2",56,1,1.78571428571429
"600","BRBE236_17","2",56,1,1.78571428571429
"601","BRBE236_18","2",55,1,1.81818181818182
"602","BRBE238_16","2",57,0,0
"603","BRBE238_17","2",69,1,1.44927536231884
"604","BRBE238_18","2",69,0,0
"605","BRBE240_15","2",58,2,3.44827586206897
"606","BRBE240_17","2",58,8,13.7931034482759
"607","BRBE240_18","2",58,0,0
"608","BRBE242_16","2",76,1,1.31578947368421
"609","BRBE242_17","2",75,1,1.33333333333333
"610","BRBE242_18","2",67,0,0
"611","BRBE244_16","2",68,0,0
"612","BRBE244_17","2",65,1,1.53846153846154
"613","BRBE244_18","2",63,3,4.76190476190476
"614","BRBE246_16","2",61,0,0
"615","BRBE246_17","2",57,4,7.01754385964912
"616","BRBE246_18","2",60,0,0
"617","BRBE248_16","2",54,0,0
"618","BRBE248_17","2",54,54,100
"619","BRBE248_18","2",54,0,0
"620","BRBE250_16","2",55,0,0
"621","BRBE250_17","2",56,19,33.9285714285714
"622","BRBE250_18","2",56,0,0
"623","BRBE252_16","2",61,2,3.27868852459016
"624","BRBE252_17","2",57,0,0
"625","BRBE252_18","2",52,1,1.92307692307692
"626","BRBE254_16","2",67,0,0
"627","BRBE254_17","2",69,24,34.7826086956522
"628","BRBE254_18","2",71,0,0
"629","BRBE256_16","2",48,3,6.25
"630","BRBE256_17","2",49,49,100
"631","BRBE256_18","2",47,0,0
"632","BRBE258_16","2",45,0,0
"633","BRBE258_17","2",71,14,19.7183098591549
"634","BRBE258_18","2",63,0,0
"635","BRBE260_16","2",46,1,2.17391304347826
"636","BRBE260_17","2",50,50,100
"637","BRBE260_18","2",62,0,0
"638","BRBE262_16","2",43,0,0
"639","BRBE262_17","2",58,16,27.5862068965517
"640","BRBE262_18","2",63,0,0
"641","BRBE264_16","2",50,1,2
"642","BRBE264_17","2",51,51,100
"643","BRBE264_18","2",54,1,1.85185185185185
"644","BRBE266_16","2",47,0,0
"645","BRBE266_17","2",46,46,100
"646","BRBE266_18","2",48,2,4.16666666666667
"647","BRBE270_16","2",58,2,3.44827586206897
"648","BRBE270_17","2",56,1,1.78571428571429
"649","BRBE270_18","2",58,0,0
"650","BRBE272_16","2",55,0,0
"651","BRBE272_17","2",67,16,23.8805970149254
"652","BRBE272_18","2",62,0,0
"653","JISA000_15","2",28,0,0
"654","JISA000_16","2",40,11,27.5
"655","JISA000_17","2",43,0,0
"656","JISA000_18","2",55,9,16.3636363636364
"657","JISA001_15","2",57,0,0
"658","JISA001_16","2",61,14,22.9508196721311
"659","JISA001_17","2",58,2,3.44827586206897
"660","JISA001_18","2",59,22,37.2881355932203
"661","JISA002_15","2",54,0,0
"662","JISA002_16","2",65,7,10.7692307692308
"663","JISA002_17","2",63,0,0
"664","JISA003_15","2",47,1,2.12765957446809
"665","JISA004_15","2",42,0,0
"666","JISA005_15","2",49,0,0
"667","JISA006_15","2",77,3,3.8961038961039
"668","JISA006_16","2",75,34,45.3333333333333
"669","JISA006_17","2",64,6,9.375
"670","JISA007_15","2",47,0,0
"671","JISA008_15","2",58,0,0
"672","JISA008_16","2",58,38,65.5172413793103
"673","JISA008_17","2",58,11,18.9655172413793
"674","JISA008_18","2",62,17,27.4193548387097
"675","JISA010_15","2",60,0,0
"676","JISA010_16","2",58,20,34.4827586206897
"677","JISA010_17","2",58,15,25.8620689655172
"678","JISA010_18","2",58,3,5.17241379310345
"679","JISA011_15","2",59,3,5.08474576271186
"680","JISA011_16","2",57,23,40.3508771929825
"681","JISA011_17","2",58,0,0
"682","JISA011_18","2",58,2,3.44827586206897
"683","JISA014_15","2",43,3,6.97674418604651
"684","JISA016_15","2",58,3,5.17241379310345
"685","JISA016_16","2",58,23,39.6551724137931
"686","JISA016_17","2",58,13,22.4137931034483
"687","JISA016_18","2",58,9,15.5172413793103
"688","JISA017_15","2",70,3,4.28571428571429
"689","JISA018_15","2",29,0,0
"690","JISA018_16","2",51,21,41.1764705882353
"691","JISA018_17","2",55,3,5.45454545454545
"692","JISA018_18","2",53,2,3.77358490566038
"693","JISA019_15","2",49,0,0
"694","JISA019_16","2",57,25,43.859649122807
"695","JISA019_17","2",57,21,36.8421052631579
"696","JISA019_18","2",58,28,48.2758620689655
"697","JISA020_15","2",27,0,0
"698","JISA020_18","2",55,4,7.27272727272727
"699","JISA023_16","2",56,37,66.0714285714286
"700","JISA023_17","2",63,0,0
"701","JISA023_18","2",62,6,9.67741935483871
"702","JISA025_15","2",59,22,37.2881355932203
"703","JISA025_16","2",44,26,59.0909090909091
"704","JISA025_17","2",46,16,34.7826086956522
"705","JISA025_18","2",53,17,32.0754716981132
"706","JISA026_15","2",56,15,26.7857142857143
"707","JISA026_16","2",65,13,20
"708","JISA026_17","2",58,10,17.2413793103448
"709","JISA026_18","2",58,3,5.17241379310345
"710","JISA027_15","2",37,5,13.5135135135135
"711","JISA027_16","2",38,25,65.7894736842105
"712","JISA027_17","2",30,6,20
"713","JISA027_18","2",46,2,4.34782608695652
"714","JISA028_15","2",46,5,10.8695652173913
"715","JISA028_16","2",33,22,66.6666666666667
"716","JISA028_17","2",33,9,27.2727272727273
"717","JISA028_18","2",31,8,25.8064516129032
"718","JISA029_15","2",39,12,30.7692307692308
"719","JISA029_16","2",25,7,28
"720","JISA029_17","2",24,9,37.5
"721","JISA029_18","2",39,5,12.8205128205128
"722","JISA030_15","2",33,3,9.09090909090909
"723","JISA030_16","2",60,11,18.3333333333333
"724","JISA030_17","2",46,13,28.2608695652174
"725","JISA030_18","2",48,4,8.33333333333333
"726","JISA031_15","2",43,2,4.65116279069767
"727","JISA031_16","2",58,17,29.3103448275862
"728","JISA031_17","2",58,10,17.2413793103448
"729","JISA031_18","2",58,4,6.89655172413793
"730","JISA032_15","2",47,15,31.9148936170213
"731","JISA032_16","2",36,12,33.3333333333333
"732","JISA032_17","2",49,10,20.4081632653061
"733","JISA032_18","2",59,4,6.77966101694915
"734","JISA033_15","2",58,17,29.3103448275862
"735","JISA033_16","2",54,30,55.5555555555556
"736","JISA033_17","2",60,12,20
"737","JISA033_18","2",60,12,20
"738","JISA034_15","2",30,8,26.6666666666667
"739","JISA034_16","2",56,11,19.6428571428571
"740","JISA034_17","2",56,21,37.5
"741","JISA034_18","2",58,11,18.9655172413793
"742","JISA035_15","2",28,6,21.4285714285714
"743","JISA035_16","2",28,8,28.5714285714286
"744","JISA035_17","2",28,1,3.57142857142857
"745","JISA035_18","2",29,4,13.7931034482759
"746","JISA036_15","2",9,8,88.8888888888889
"747","JISA036_16","2",19,15,78.9473684210526
"748","JISA036_17","2",10,3,30
"749","JISA036_18","2",13,6,46.1538461538462
"750","JISA037_15","2",62,0,0
"751","JISA037_16","2",61,20,32.7868852459016
"752","JISA037_17","2",53,17,32.0754716981132
"753","JISA037_18","2",61,5,8.19672131147541
"754","JISA038_15","2",56,22,39.2857142857143
"755","JISA038_16","2",59,10,16.9491525423729
"756","JISA038_17","2",58,23,39.6551724137931
"757","JISA038_18","2",58,2,3.44827586206897
"758","JISA039_15","2",26,25,96.1538461538462
"759","JISA039_16","2",29,17,58.6206896551724
"760","JISA039_17","2",30,16,53.3333333333333
"761","JISA039_18","2",30,0,0
"762","JISA040_15","2",10,5,50
"763","JISA040_16","2",16,10,62.5
"764","JISA040_17","2",16,6,37.5
"765","JISA040_18","2",19,5,26.3157894736842
"766","JISA041_15","2",46,1,2.17391304347826
"767","JISA041_16","2",58,16,27.5862068965517
"768","JISA041_17","2",58,25,43.1034482758621
"769","JISA041_18","2",58,5,8.62068965517241
"770","JISA042_15","2",27,19,70.3703703703704
"771","JISA042_16","2",40,18,45
"772","JISA042_17","2",29,9,31.0344827586207
"773","JISA042_18","2",45,3,6.66666666666667
"774","JISA043_15","2",13,7,53.8461538461538
"775","JISA043_16","2",19,9,47.3684210526316
"776","JISA043_17","2",29,11,37.9310344827586
"777","JISA043_18","2",32,2,6.25
"778","JISA044_15","2",30,14,46.6666666666667
"779","JISA044_16","2",26,18,69.2307692307692
"780","JISA044_17","2",32,13,40.625
"781","JISA044_18","2",29,12,41.3793103448276
"782","JISA046_16","2",40,18,45
"783","JISA050_15","2",52,12,23.0769230769231
"784","JISA050_16","2",44,10,22.7272727272727
"785","JISA050_17","2",52,0,0
"786","JISA050_18","2",43,0,0
"787","JISA051_15","2",41,4,9.75609756097561
"788","JISA051_16","2",49,18,36.734693877551
"789","JISA051_17","2",51,0,0
"790","JISA051_18","2",54,0,0
"791","JISA052_15","2",30,14,46.6666666666667
"792","JISA052_16","2",29,16,55.1724137931034
"793","JISA052_17","2",24,0,0
"794","JISA052_18","2",32,0,0
"795","JISA053_15","2",18,5,27.7777777777778
"796","JISA053_16","2",40,24,60
"797","JISA053_17","2",35,4,11.4285714285714
"798","JISA053_18","2",31,0,0
"799","JISA054_16","2",33,11,33.3333333333333
"800","JISA054_17","2",31,2,6.45161290322581
"801","JISA054_18","2",59,0,0
"802","JISA055_15","2",25,4,16
"803","JISA055_16","2",44,8,18.1818181818182
"804","JISA055_17","2",50,1,2
"805","JISA055_18","2",58,0,0
"806","JISA056_15","2",46,20,43.4782608695652
"807","JISA056_16","2",33,20,60.6060606060606
"808","JISA056_17","2",31,2,6.45161290322581
"809","JISA056_18","2",46,0,0
"810","JISA057_15","2",21,0,0
"811","JISA057_16","2",37,18,48.6486486486486
"812","JISA057_17","2",33,2,6.06060606060606
"813","JISA057_18","2",39,0,0
"814","JISA058_15","2",19,1,5.26315789473684
"815","JISA058_16","2",35,17,48.5714285714286
"816","JISA058_17","2",33,0,0
"817","JISA058_18","2",37,0,0
"818","JISA059_15","2",52,20,38.4615384615385
"819","JISA059_16","2",45,14,31.1111111111111
"820","JISA059_17","2",39,0,0
"821","JISA059_18","2",49,0,0
"822","JISA060_15","2",67,10,14.9253731343284
"823","JISA060_16","2",65,22,33.8461538461538
"824","JISA060_17","2",61,1,1.63934426229508
"825","JISA060_18","2",54,2,3.7037037037037
"826","JISA061_15","2",10,8,80
"827","JISA061_16","2",8,0,0
"828","JISA061_17","2",23,0,0
"829","JISA061_18","2",26,0,0
"830","JISA062_15","2",13,8,61.5384615384615
"831","JISA062_16","2",19,6,31.5789473684211
"832","JISA062_17","2",23,3,13.0434782608696
"833","JISA062_18","2",25,0,0
"834","JISA063_15","2",54,8,14.8148148148148
"835","JISA063_16","2",58,19,32.7586206896552
"836","JISA063_17","2",61,1,1.63934426229508
"837","JISA063_18","2",62,1,1.61290322580645
"838","JISA064_15","2",41,22,53.6585365853659
"839","JISA064_16","2",40,17,42.5
"840","JISA064_17","2",33,1,3.03030303030303
"841","JISA064_18","2",36,0,0
"842","JISA065_15","2",50,16,32
"843","JISA065_16","2",56,22,39.2857142857143
"844","JISA065_17","2",52,0,0
"845","JISA065_18","2",54,0,0
"846","JISA066_15","2",71,10,14.0845070422535
"847","JISA066_16","2",74,12,16.2162162162162
"848","JISA066_18","2",64,0,0
"849","JISA067_15","2",71,10,14.0845070422535
"850","JISA067_16","2",51,23,45.0980392156863
"851","JISA067_17","2",53,1,1.88679245283019
"852","JISA067_18","2",51,0,0
"853","JISA068_15","2",22,10,45.4545454545455
"854","JISA068_16","2",33,16,48.4848484848485
"855","JISA068_17","2",30,1,3.33333333333333
"856","JISA068_18","2",30,0,0
"857","JISA069_15","2",41,0,0
"858","JISA069_16","2",53,17,32.0754716981132
"859","JISA069_17","2",47,1,2.12765957446809
"860","JISA069_18","2",53,0,0
"861","JISA076_18","2",58,15,25.8620689655172
"862","JISA077_16","2",57,12,21.0526315789474
"863","JISA077_17","2",58,0,0
"864","JISA077_18","2",58,1,1.72413793103448
"865","JISA079_16","2",58,22,37.9310344827586
"866","JISA079_17","2",58,6,10.3448275862069
"867","JISA079_18","2",58,12,20.6896551724138
"868","JISA081_16","2",46,13,28.2608695652174
"869","JISA081_17","2",54,0,0
"870","JISA081_18","2",46,6,13.0434782608696
"871","JISA083_16","2",55,26,47.2727272727273
"872","JISA083_17","2",54,4,7.40740740740741
"873","JISA083_18","2",56,17,30.3571428571429
"874","JISA085_16","2",24,0,0
"875","JISA085_17","2",58,24,41.3793103448276
"876","JISA085_18","2",58,22,37.9310344827586
"877","JISA087_16","2",56,24,42.8571428571429
"878","JISA087_17","2",58,14,24.1379310344828
"879","JISA087_18","2",58,12,20.6896551724138
"880","JISA089_16","2",66,11,16.6666666666667
"881","JISA089_17","2",61,0,0
"882","JISA089_18","2",77,3,3.8961038961039
"883","JISA091_16","2",55,25,45.4545454545455
"884","JISA091_17","2",57,8,14.0350877192982
"885","JISA091_18","2",58,28,48.2758620689655
"886","JISA093_16","2",54,18,33.3333333333333
"887","JISA093_17","2",59,7,11.864406779661
"888","JISA093_18","2",66,12,18.1818181818182
"889","PAVA000_16","2",56,26,46.4285714285714
"890","PAVA001_16","2",68,17,25
"891","PAVA002_16","2",71,7,9.85915492957746
"892","PAVA003_16","2",63,12,19.047619047619
"893","PAVA004_16","2",65,20,30.7692307692308
"894","PAVA007_16","2",62,28,45.1612903225806
"895","PAVA008_16","2",70,25,35.7142857142857
"896","PAVA009_16","2",65,17,26.1538461538462
"897","PAVA010_16","2",60,14,23.3333333333333
"898","PAVA011_16","2",70,25,35.7142857142857
"899","PAVA012_16","2",61,27,44.2622950819672
"900","PAVA014_16","2",70,30,42.8571428571429
"901","PAVA015_16","2",69,27,39.1304347826087
"902","PAVA016_16","2",67,26,38.8059701492537
"903","PAVA018_16","2",57,25,43.859649122807
"904","PAVA019_16","2",56,27,48.2142857142857
"905","PAVA020_16","2",59,28,47.4576271186441
"906","PAVA023_16","2",62,24,38.7096774193548
"907","PAVA027_16","2",57,27,47.3684210526316
"908","PAVA029_16","2",62,29,46.7741935483871
"909","PAVA031_16","2",54,32,59.2592592592593
"910","PAVA031_17","2",60,17,28.3333333333333
"911","PAVA031_18","2",60,0,0
"912","PAVA032_16","2",48,47,97.9166666666667
"913","PAVA032_17","2",45,32,71.1111111111111
"914","PAVA032_18","2",48,1,2.08333333333333
"915","PAVA033_16","2",51,23,45.0980392156863
"916","PAVA033_17","2",63,32,50.7936507936508
"917","PAVA033_18","2",62,10,16.1290322580645
"918","PAVA034_16","2",67,18,26.865671641791
"919","PAVA035_16","2",21,6,28.5714285714286
"920","PAVA036_16","2",57,23,40.3508771929825
"921","PAVA036_17","2",73,10,13.6986301369863
"922","PAVA036_18","2",69,1,1.44927536231884
"923","PAVA037_16","2",60,45,75
"924","PAVA037_17","2",69,22,31.8840579710145
"925","PAVA037_18","2",73,0,0
"926","PAVA039_16","2",49,11,22.4489795918367
"927","PAVA039_17","2",65,14,21.5384615384615
"928","PAVA039_18","2",66,0,0
"929","PAVA041_16","2",43,14,32.5581395348837
"930","PAVA041_17","2",75,1,1.33333333333333
"931","PAVA041_18","2",59,0,0
"932","PAVA046_16","2",56,49,87.5
"933","PAVA046_17","2",54,8,14.8148148148148
"934","PAVA046_18","2",49,0,0
"935","PAVA047_16","2",66,27,40.9090909090909
"936","PAVA048_16","2",49,40,81.6326530612245
"937","PAVA048_17","2",47,13,27.6595744680851
"938","PAVA048_18","2",60,0,0
"939","PAVA049_16","2",49,11,22.4489795918367
"940","PAVA051_16","2",52,26,50
"941","PAVA052_16","2",54,38,70.3703703703704
"942","PAVA052_17","2",58,17,29.3103448275862
"943","PAVA052_18","2",57,6,10.5263157894737
"944","PAVA055_16","2",46,19,41.304347826087
"945","PAVA056_16","2",49,16,32.6530612244898
"946","PAVA057_16","2",37,8,21.6216216216216
"947","PAVA057_17","2",48,7,14.5833333333333
"948","PAVA057_18","2",46,10,21.7391304347826
"949","PAVA058_16","2",49,18,36.734693877551
"950","PAVA059_16","2",41,14,34.1463414634146
"951","PAVA060_16","2",70,44,62.8571428571429
"952","PAVA060_17","2",73,17,23.2876712328767
"953","PAVA060_18","2",72,4,5.55555555555556
"954","PAVA061_16","2",60,12,20
"955","PAVA061_17","2",59,12,20.3389830508475
"956","PAVA061_18","2",58,0,0
"957","PAVA063_16","2",68,30,44.1176470588235
"958","PAVA065_16","2",60,23,38.3333333333333
"959","PAVA065_17","2",57,1,1.75438596491228
"960","PAVA065_18","2",67,8,11.9402985074627
"961","PAVA066_16","2",66,27,40.9090909090909
"962","PAVA067_16","2",49,10,20.4081632653061
"963","PAVA067_17","2",74,11,14.8648648648649
"964","PAVA067_18","2",65,0,0
"965","PAVA068_16","2",57,32,56.140350877193
"966","PAVA068_17","2",42,3,7.14285714285714
"967","PAVA068_18","2",65,6,9.23076923076923
"968","PAVA069_16","2",58,16,27.5862068965517
"969","PAVA069_17","2",69,30,43.4782608695652
"970","PAVA069_18","2",51,2,3.92156862745098
"971","PAVA070_16","2",65,25,38.4615384615385
"972","PAVA071_16","2",71,31,43.6619718309859
"973","PAVA071_17","2",84,27,32.1428571428571
"974","PAVA071_18","2",67,0,0
"975","PAVA072_16","2",47,17,36.1702127659574
"976","PAVA072_18","2",70,0,0
"977","PAVA073_16","2",65,53,81.5384615384615
"978","PAVA073_17","2",81,19,23.4567901234568
"979","PAVA073_18","2",80,11,13.75
"980","PAVA074_16","2",69,16,23.1884057971014
"981","PAVA074_17","2",74,13,17.5675675675676
"982","PAVA074_18","2",83,0,0
"983","PAVA075_16","2",58,30,51.7241379310345
"984","PAVA075_17","2",76,49,64.4736842105263
"985","PAVA075_18","2",76,11,14.4736842105263
"986","PAVA077_16","2",60,23,38.3333333333333
"987","PAVA078_16","2",71,26,36.6197183098592
"988","PAVA079_16","2",73,9,12.3287671232877
"989","PAVA085_16","2",39,10,25.6410256410256
"990","PAVA086_16","2",61,8,13.1147540983607
"991","PAVA086_17","2",70,21,30
"992","PAVA088_16","2",66,14,21.2121212121212
"993","PAVA090_17","2",79,9,11.3924050632911
"994","PAVA090_18","2",85,0,0
"995","PAVA091_17","2",38,1,2.63157894736842
"996","PAVA091_18","2",84,0,0
"997","PAVA092_17","2",83,20,24.0963855421687
"998","PAVA092_18","2",87,1,1.14942528735632
"999","PAVA093_17","2",81,8,9.87654320987654
"1000","PAVA093_18","2",85,0,0
"1001","PAVA094_17","2",71,22,30.9859154929577
"1002","PAVA094_18","2",71,0,0
"1003","PAVA095_17","2",74,11,14.8648648648649
"1004","PAVA095_18","2",85,0,0
"1005","PAVA096_17","2",71,20,28.169014084507
"1006","PAVA096_18","2",78,0,0
"1007","PAVA097_17","2",87,11,12.6436781609195
"1008","PAVA097_18","2",87,0,0
"1009","PAVA098_17","2",46,0,0
"1010","PAVA098_18","2",81,0,0
"1011","PAVA099_18","2",58,5,8.62068965517241
"1012","PAVA100_17","2",53,3,5.66037735849057
"1013","PAVA100_18","2",83,3,3.6144578313253
"1014","PAVA109_18","2",72,1,1.38888888888889
"1015","PAVA110_17","2",62,3,4.83870967741935
"1016","PAVA110_18","2",59,0,0
"1017","PAVA111_17","2",70,5,7.14285714285714
"1018","PAVA111_18","2",57,0,0
"1019","PAVA112_17","2",74,6,8.10810810810811
"1020","PAVA112_18","2",79,2,2.53164556962025
"1021","PAVA113_17","2",67,0,0
"1022","PAVA113_18","2",65,0,0
"1023","PAVA114_17","2",81,7,8.64197530864197
"1024","PAVA114_18","2",78,2,2.56410256410256
"1025","PAVA115_17","2",81,2,2.46913580246914
"1026","PAVA115_18","2",58,0,0
"1027","PAVA116_17","2",82,5,6.09756097560976
"1028","PAVA116_18","2",84,2,2.38095238095238
"1029","PAVA117_17","2",80,0,0
"1030","PAVA118_18","2",60,13,21.6666666666667
"1031","PAVA121_17","2",76,10,13.1578947368421
"1032","PAVA123_17","2",80,0,0
"1033","PAVA129_17","2",62,1,1.61290322580645
"1034","PAVA129_18","2",61,0,0
"1035","PAVA130_17","2",80,1,1.25
"1036","PAVA130_18","2",63,5,7.93650793650794
"1037","PAVA131_17","2",71,0,0
"1038","PAVA131_18","2",62,8,12.9032258064516
"1039","PAVA132_17","2",66,3,4.54545454545455
"1040","PAVA132_18","2",73,7,9.58904109589041
"1041","PAVA133_17","2",58,2,3.44827586206897
"1042","PAVA133_18","2",58,14,24.1379310344828
"1043","PAVA134_17","2",58,0,0
"1044","PAVA134_18","2",58,5,8.62068965517241
"1045","PAVA135_17","2",58,0,0
"1046","PAVA135_18","2",63,4,6.34920634920635
"1047","PAVA136_17","2",58,0,0
"1048","PAVA136_18","2",67,3,4.47761194029851
"1049","PAVA137_17","2",58,0,0
"1050","PAVA137_18","2",58,3,5.17241379310345
"1051","PAVA138_17","2",87,9,10.3448275862069
"1052","PAVA138_18","2",68,1,1.47058823529412
"1053","PAVA139_17","2",63,1,1.58730158730159
"1054","PAVA143_17","2",59,8,13.5593220338983
"1055","PAVA146_17","2",60,1,1.66666666666667
"1056","PAVA149_17","2",66,5,7.57575757575758
"1057","PAVA149_18","2",63,14,22.2222222222222
"1058","PAVA150_17","2",62,3,4.83870967741935
"1059","PAVA150_18","2",60,25,41.6666666666667
"1060","PAVA151_17","2",80,4,5
"1061","PAVA151_18","2",86,0,0
"1062","PAVA152_17","2",79,1,1.26582278481013
"1063","PAVA152_18","2",65,21,32.3076923076923
"1064","PAVA153_17","2",58,5,8.62068965517241
"1065","PAVA153_18","2",60,13,21.6666666666667
"1066","PAVA154_17","2",68,7,10.2941176470588
"1067","PAVA154_18","2",69,32,46.3768115942029
"1068","PAVA155_17","2",81,3,3.7037037037037
"1069","PAVA155_18","2",80,23,28.75
"1070","PAVA156_17","2",67,11,16.4179104477612
"1071","PAVA156_18","2",62,14,22.5806451612903
"1072","PAVA157_17","2",80,0,0
"1073","PAVA157_18","2",64,16,25
"1074","PAVA158_17","2",72,0,0
"1075","PAVA158_18","2",67,0,0
"1076","PAVA159_17","2",60,0,0
"1077","PAVA159_18","2",73,0,0
"1078","PAVA169_17","2",78,9,11.5384615384615
"1079","PAVA169_18","2",72,20,27.7777777777778
"1080","PAVA170_17","2",65,3,4.61538461538461
"1081","PAVA170_18","2",66,12,18.1818181818182
"1082","PAVA171_17","2",51,0,0
"1083","PAVA171_18","2",57,21,36.8421052631579
"1084","PAVA172_17","2",58,5,8.62068965517241
"1085","PAVA172_18","2",58,30,51.7241379310345
"1086","PAVA173_17","2",40,0,0
"1087","PAVA173_18","2",53,6,11.3207547169811
"1088","PAVA174_17","2",44,1,2.27272727272727
"1089","PAVA174_18","2",63,19,30.1587301587302
"1090","PAVA175_17","2",56,10,17.8571428571429
"1091","PAVA175_18","2",59,16,27.1186440677966
"1092","PAVA176_17","2",66,3,4.54545454545455
"1093","PAVA176_18","2",68,5,7.35294117647059
"1094","PAVA177_17","2",58,1,1.72413793103448
"1095","PAVA177_18","2",69,18,26.0869565217391
"1096","PAVA178_17","2",57,6,10.5263157894737
"1097","PAVA178_18","2",58,13,22.4137931034483
"1098","PAVA179_17","2",47,0,0
"1099","PAVA179_18","2",51,6,11.7647058823529
"1100","PAVA189_17","2",42,4,9.52380952380952
"1101","PAVA189_18","2",87,0,0
"1102","SHCR000_15","2",56,35,62.5
"1103","SHCR001_15","2",42,32,76.1904761904762
"1104","SHCR001_16","2",34,0,0
"1105","SHCR002_15","2",49,1,2.04081632653061
"1106","SHCR002_16","2",49,5,10.2040816326531
"1107","SHCR003_15","2",55,34,61.8181818181818
"1108","SHCR004_15","2",35,26,74.2857142857143
"1109","SHCR004_16","2",26,9,34.6153846153846
"1110","SHCR005_15","2",53,6,11.3207547169811
"1111","SHCR005_16","2",54,4,7.40740740740741
"1112","SHCR006_15","2",62,1,1.61290322580645
"1113","SHCR006_17","2",42,3,7.14285714285714
"1114","SHCR006_18","2",54,6,11.1111111111111
"1115","SHCR007_15","2",75,43,57.3333333333333
"1116","SHCR007_16","2",81,31,38.2716049382716
"1117","SHCR008_15","2",36,21,58.3333333333333
"1118","SHCR008_16","2",30,16,53.3333333333333
"1119","SHCR009_15","2",56,26,46.4285714285714
"1120","SHCR010_15","2",44,39,88.6363636363636
"1121","SHCR011_15","2",53,37,69.811320754717
"1122","SHCR012_15","2",52,33,63.4615384615385
"1123","SHCR013_15","2",11,0,0
"1124","SHCR013_16","2",15,9,60
"1125","SHCR014_15","2",38,14,36.8421052631579
"1126","SHCR015_15","2",55,37,67.2727272727273
"1127","SHCR015_16","2",65,25,38.4615384615385
"1128","SHCR016_15","2",59,6,10.1694915254237
"1129","SHCR016_16","2",61,11,18.0327868852459
"1130","SHCR017_15","2",56,24,42.8571428571429
"1131","SHCR017_16","2",55,18,32.7272727272727
"1132","SHCR018_15","2",44,0,0
"1133","SHCR018_16","2",57,19,33.3333333333333
"1134","SHCR019_15","2",33,5,15.1515151515152
"1135","SHCR019_16","2",38,12,31.5789473684211
"1136","SHCR020_15","2",55,45,81.8181818181818
"1137","SHCR020_16","2",74,19,25.6756756756757
"1138","SHCR021_17","2",71,7,9.85915492957746
"1139","SHCR021_18","2",79,2,2.53164556962025
"1140","SHCR023_17","2",47,1,2.12765957446809
"1141","SHCR023_18","2",63,2,3.17460317460317
"1142","SHCR024_17","2",72,2,2.77777777777778
"1143","SHCR024_18","2",73,1,1.36986301369863
"1144","SHCR025_15","2",66,31,46.969696969697
"1145","SHCR025_16","2",75,12,16
"1146","SHCR026_15","2",52,45,86.5384615384615
"1147","SHCR026_16","2",62,2,3.2258064516129
"1148","SHCR026_18","2",64,0,0
"1149","SHCR027_15","2",24,22,91.6666666666667
"1150","SHCR028_15","2",52,7,13.4615384615385
"1151","SHCR028_16","2",46,1,2.17391304347826
"1152","SHCR029_15","2",49,31,63.265306122449
"1153","SHCR030_15","2",71,10,14.0845070422535
"1154","SHCR031_15","2",57,2,3.50877192982456
"1155","SHCR032_15","2",73,5,6.84931506849315
"1156","SHCR033_15","2",27,16,59.2592592592593
"1157","SHCR034_15","2",55,51,92.7272727272727
"1158","SHCR035_15","2",81,0,0
"1159","SHCR036_15","2",60,8,13.3333333333333
"1160","SHCR037_15","2",60,12,20
"1161","SHCR037_16","2",53,3,5.66037735849057
"1162","SHCR038_15","2",47,43,91.4893617021277
"1163","SHCR039_15","2",43,8,18.6046511627907
"1164","SHCR039_16","2",67,13,19.4029850746269
"1165","SHCR041_15","2",75,68,90.6666666666667
"1166","SHCR041_16","2",84,23,27.3809523809524
"1167","SHCR042_15","2",38,1,2.63157894736842
"1168","SHCR043_15","2",59,48,81.3559322033898
"1169","SHCR044_15","2",63,0,0
"1170","SHCR046_17","2",65,0,0
"1171","SHCR046_18","2",73,0,0
"1172","SHCR048_15","2",39,33,84.6153846153846
"1173","SHCR050_15","2",44,9,20.4545454545455
"1174","SHCR051_15","2",61,24,39.344262295082
"1175","SHCR052_15","2",64,8,12.5
"1176","SHCR052_16","2",64,4,6.25
"1177","SHCR053_15","2",62,6,9.67741935483871
"1178","SHCR054_15","2",32,3,9.375
"1179","SHCR054_16","2",37,3,8.10810810810811
"1180","SHCR055_15","2",66,21,31.8181818181818
"1181","SHCR056_15","2",67,24,35.8208955223881
"1182","SHCR057_15","2",57,0,0
"1183","SHCR058_15","2",49,9,18.3673469387755
"1184","SHCR058_16","2",70,2,2.85714285714286
"1185","SHCR059_15","2",53,5,9.43396226415094
"1186","SHCR060_15","2",54,7,12.962962962963
"1187","SHCR061_15","2",58,16,27.5862068965517
"1188","SHCR061_16","2",59,8,13.5593220338983
"1189","SHCR062_15","2",55,24,43.6363636363636
"1190","SHCR062_16","2",55,10,18.1818181818182
"1191","SHCR063_15","2",59,5,8.47457627118644
"1192","SHCR064_15","2",68,31,45.5882352941176
"1193","SHCR065_15","2",52,7,13.4615384615385
"1194","SHCR065_16","2",59,14,23.728813559322
"1195","SHCR066_15","2",57,34,59.6491228070175
"1196","SHCR067_15","2",54,20,37.037037037037
"1197","SHCR067_16","2",54,16,29.6296296296296
"1198","SHCR068_15","2",76,72,94.7368421052632
"1199","SHCR068_16","2",73,19,26.027397260274
"1200","SHCR069_15","2",60,24,40
"1201","SHCR069_16","2",59,17,28.8135593220339
"1202","SHCR070_15","2",58,40,68.9655172413793
"1203","SHCR071_16","2",48,8,16.6666666666667
"1204","SHCR072_17","2",50,3,6
"1205","SHCR074_16","2",66,14,21.2121212121212
"1206","SHCR076_16","2",78,35,44.8717948717949
"1207","SHCR078_16","2",68,4,5.88235294117647
"1208","SHCR080_16","2",52,9,17.3076923076923
"1209","SHCR082_16","2",43,6,13.953488372093
"1210","SHCR083_17","2",72,1,1.38888888888889
"1211","SHCR083_18","2",70,0,0
"1212","SHCR084_16","2",43,8,18.6046511627907
"1213","SHCR086_16","2",67,26,38.8059701492537
"1214","SHCR088_16","2",70,11,15.7142857142857
"1215","SHCR090_16","2",70,11,15.7142857142857
"1216","SHCR092_16","2",70,1,1.42857142857143
"1217","SHCR094_16","2",80,2,2.5
"1218","SHCR096_16","2",67,13,19.4029850746269
"1219","SHCR098_16","2",62,27,43.5483870967742
"1220","SHCR100_16","2",81,36,44.4444444444444
"1221","SHCR106_16","2",53,19,35.8490566037736
"1222","SHCR107_17","2",73,2,2.73972602739726
"1223","SHCR108_17","2",40,0,0
"1224","SHCR109_17","2",32,0,0
"1225","SHCR110_16","2",78,26,33.3333333333333
"1226","SHCR111_17","2",55,0,0
"1227","SHCR112_16","2",61,1,1.63934426229508
"1228","SHCR113_17","2",58,0,0
"1229","SHCR114_16","2",53,20,37.7358490566038
"1230","SHCR115_17","2",57,4,7.01754385964912
"1231","SHCR116_16","2",61,18,29.5081967213115
"1232","SHCR117_17","2",53,0,0
"1233","SHCR118_16","2",53,16,30.188679245283
"1234","SHCR119_17","2",54,2,3.7037037037037
"1235","SHCR120_16","2",80,5,6.25
"1236","SHCR121_17","2",52,0,0
"1237","SHCR122_16","2",81,6,7.40740740740741
"1238","SHCR123_17","2",57,1,1.75438596491228
"1239","SHCR124_16","2",69,16,23.1884057971014
"1240","SHCR125_17","2",64,0,0
"1241","SHCR126_16","2",60,10,16.6666666666667
"1242","SHCR127_17","2",68,0,0
"1243","SHCR128_17","2",47,0,0
"1244","SHCR129_17","2",69,2,2.89855072463768
"1245","SHCR130_17","2",71,0,0
"1246","SHCR131_17","2",30,0,0
"1247","SHCR132_17","2",42,0,0
"1248","SHCR133_17","2",37,3,8.10810810810811
"1249","SHCR134_16","2",60,17,28.3333333333333
"1250","SHCR134_17","2",43,0,0
"1251","SHCR134_18","2",59,2,3.38983050847458
"1252","SHCR136_16","2",62,24,38.7096774193548
"1253","SHCR136_17","2",59,0,0
"1254","SHCR136_18","2",68,1,1.47058823529412
"1255","SHCR138_16","2",42,6,14.2857142857143
"1256","SHCR138_17","2",56,1,1.78571428571429
"1257","SHCR138_18","2",55,1,1.81818181818182
"1258","SHCR139_17","2",40,1,2.5
"1259","SHCR139_18","2",44,1,2.27272727272727
"1260","SHCR140_16","2",58,7,12.0689655172414
"1261","SHCR140_17","2",51,1,1.96078431372549
"1262","SHCR140_18","2",46,5,10.8695652173913
"1263","SHCR142_16","2",59,7,11.864406779661
"1264","SHCR143_17","2",56,4,7.14285714285714
"1265","SHCR144_16","2",77,13,16.8831168831169
"1266","SHCR144_18","2",66,2,3.03030303030303
"1267","SHCR146_16","2",62,29,46.7741935483871
"1268","SHCR146_18","2",66,0,0
"1269","SHCR147_17","2",52,2,3.84615384615385
"1270","SHCR147_18","2",59,1,1.69491525423729
"1271","SHCR149_17","2",38,1,2.63157894736842
"1272","SHCR149_18","2",41,1,2.4390243902439
"1273","SHCR150_17","2",55,0,0
"1274","SHCR151_17","2",50,0,0
"1275","SHCR151_18","2",41,2,4.8780487804878
"1276","SHCR153_17","2",58,0,0
"1277","SHCR153_18","2",75,3,4
"1278","SHCR154_17","2",60,3,5
"1279","SHCR154_18","2",61,0,0
"1280","SHCR158_17","2",55,0,0
"1281","SHCR158_18","2",59,0,0
"1282","SHCR159_17","2",56,14,25
"1283","SHCR159_18","2",58,11,18.9655172413793
"1284","SHCR163_17","2",49,2,4.08163265306122
"1285","SHCR163_18","2",55,0,0
"1286","SHCR164_17","2",57,1,1.75438596491228
"1287","SHCR164_18","2",57,1,1.75438596491228
"1288","SHCR167_17","2",56,2,3.57142857142857
"1289","SHCR167_18","2",56,16,28.5714285714286
"1290","SHCR168_17","2",40,0,0
"1291","SHCR168_18","2",46,6,13.0434782608696
"1292","SHCR169_17","2",50,1,2
"1293","SHCR169_18","2",56,1,1.78571428571429
"1294","SHCR170_17","2",59,1,1.69491525423729
"1295","SHCR170_18","2",56,0,0
"1296","SHCR171_17","2",56,2,3.57142857142857
"1297","SHCR171_18","2",60,2,3.33333333333333
"1298","SHCR172_17","2",63,1,1.58730158730159
"1299","SHCR172_18","2",77,1,1.2987012987013
"1300","SHCR173_17","2",39,1,2.56410256410256
"1301","SHCR174_17","2",58,1,1.72413793103448
"1302","SHCR174_18","2",57,0,0
"1303","SHCR175_17","2",51,0,0
"1304","SHCR175_18","2",59,1,1.69491525423729
"1305","SHCR178_17","2",54,0,0
"1306","SHCR178_18","2",57,1,1.75438596491228
"1307","SHCR179_17","2",32,4,12.5
"1308","SHCR179_18","2",36,9,25
"1309","SHCR180_17","2",39,1,2.56410256410256
"1310","SHCR180_18","2",39,1,2.56410256410256
"1311","SHCR181_17","2",33,0,0
"1312","SHCR181_18","2",39,4,10.2564102564103
"1313","SHCR182_17","2",57,0,0
"1314","SHCR182_18","2",62,4,6.45161290322581
"1315","SHCR183_17","2",48,0,0
"1316","SHCR183_18","2",47,0,0
"1317","SHCR184_17","2",58,0,0
"1318","SHCR184_18","2",58,0,0
"1319","SHCR185_17","2",56,2,3.57142857142857
"1320","SHCR185_18","2",53,0,0
"1321","SHCR186_17","2",54,0,0
"1322","SHCR186_18","2",64,1,1.5625
"1323","SHCR187_18","2",27,0,0
"1324","SHCR188_17","2",47,1,2.12765957446809
"1325","SHCR188_18","2",71,0,0
"1326","SHCR189_17","2",59,1,1.69491525423729
"1327","SHCR189_18","2",54,0,0
"1328","SHCR190_17","2",54,0,0
"1329","SHCR190_18","2",61,0,0
"1330","SHCR191_17","2",65,0,0
"1331","SHCR191_18","2",74,1,1.35135135135135
"1332","SHCR192_17","2",68,2,2.94117647058824
"1333","SHCR192_18","2",74,0,0
"1334","SHCR193_17","2",54,1,1.85185185185185
"1335","SHCR193_18","2",81,0,0
"1336","SHCR194_17","2",51,1,1.96078431372549
"1337","SHCR194_18","2",54,0,0
"1338","SHCR195_17","2",51,4,7.84313725490196
"1339","SHCR195_18","2",59,0,0
"1340","SHCR196_17","2",48,3,6.25
"1341","SHCR196_18","2",59,0,0
"1342","SHCR197_17","2",71,0,0
"1343","SHCR197_18","2",82,0,0
"1344","SHCR198_17","2",66,1,1.51515151515152
"1345","SHCR198_18","2",69,0,0
"1346","SHCR199_17","2",49,0,0
"1347","SHCR199_18","2",61,0,0
"1348","SHCR200_17","2",82,0,0
"1349","SHCR200_18","2",86,0,0
"1350","SHCR201_17","2",36,1,2.77777777777778
"1351","SHCR201_18","2",34,0,0
"1352","SHCR202_17","2",53,2,3.77358490566038
"1353","SHCR202_18","2",70,0,0
"1354","SHCR203_17","2",63,0,0
"1355","SHCR203_18","2",81,0,0
"1356","SHCR204_17","2",59,2,3.38983050847458
"1357","SHCR204_18","2",51,1,1.96078431372549
"1358","SHCR205_17","2",51,2,3.92156862745098
"1359","SHCR205_18","2",64,2,3.125
"1360","SHCR206_17","2",60,1,1.66666666666667
"1361","SHCR206_18","2",71,12,16.9014084507042
"1362","SHCR207_17","2",44,1,2.27272727272727
"1363","SHCR207_18","2",52,5,9.61538461538461
